epoch,time,train/box_loss,train/cls_loss,train/dfl_loss,metrics/precision(B),metrics/recall(B),metrics/mAP50(B),metrics/mAP50-95(B),val/box_loss,val/cls_loss,val/dfl_loss,lr/pg0,lr/pg1,lr/pg2
1,4.45793,2.23505,4.25746,2.05857,0.00095,0.10096,0.03457,0.01757,2.1495,4.03204,2.10144,6.25e-05,6.25e-05,6.25e-05
2,6.22776,2.12438,4.01576,1.92184,0.00123,0.16346,0.0818,0.04204,2.05605,3.94091,2.00898,0.000135231,0.000135231,0.000135231
3,8.08419,2.12683,3.72167,1.86491,0.00261,0.29754,0.10159,0.04331,2,3.78779,1.83152,0.000205487,0.000205487,0.000205487
4,10.709,2.04365,3.39268,1.76303,0.00572,0.44376,0.09227,0.03631,2.00707,3.62111,1.74353,0.000273269,0.000273269,0.000273269
5,12.6569,2.07463,3.19497,1.76577,0.00793,0.5596,0.13707,0.06309,2.0558,3.51654,1.78882,0.000338575,0.000338575,0.000338575
6,14.3458,2.15589,3.08342,1.77684,0.00679,0.45543,0.13225,0.05396,2.08888,3.63323,1.93499,0.000401406,0.000401406,0.000401406
7,15.916,1.99508,2.91458,1.68503,0.00702,0.52053,0.12558,0.03053,2.10196,3.59229,1.98902,0.000461763,0.000461763,0.000461763
8,17.7043,1.92355,2.87947,1.67236,0.00633,0.35844,0.1807,0.10059,2.03276,3.62703,2.02275,0.000519644,0.000519644,0.000519644
9,19.3656,2.05024,2.82006,1.7508,0.3449,0.10972,0.20213,0.11094,2.01926,3.31825,1.88978,0.00057505,0.00057505,0.00057505
10,21.0508,1.98506,2.80102,1.70382,0.3867,0.06603,0.20151,0.08921,2.14048,3.14016,1.94552,0.000627981,0.000627981,0.000627981
11,23.5885,1.9301,2.74827,1.68374,0.18832,0.414,0.21291,0.10242,2.05645,3.00312,1.86197,0.000678438,0.000678438,0.000678438
12,25.6362,1.94532,2.71907,1.698,0.51781,0.07182,0.17055,0.07708,2.04401,2.94286,1.8625,0.000726419,0.000726419,0.000726419
13,27.2927,1.9482,2.65038,1.66875,0.35646,0.08135,0.18243,0.08072,2.06045,2.88759,1.92737,0.000771925,0.000771925,0.000771925
14,28.9359,1.82572,2.64546,1.60239,0.56983,0.15377,0.20591,0.10374,2.07542,2.93782,2.01453,0.000814956,0.000814956,0.000814956
15,30.5875,1.74556,2.50457,1.58309,0.70144,0.13988,0.2138,0.11128,1.98382,2.82917,1.87329,0.000855512,0.000855512,0.000855512
16,32.3566,1.74776,2.42294,1.56138,0.25557,0.30869,0.23179,0.13003,1.98406,2.75438,1.87229,0.000893594,0.000893594,0.000893594
17,33.9628,1.66164,2.27055,1.50364,0.31817,0.25176,0.25514,0.14612,1.93232,2.84111,1.82355,0.00092,0.00092,0.00092
18,36.5383,1.72678,2.42618,1.51588,0.64838,0.16445,0.24224,0.15378,1.96572,2.89281,1.75494,0.000899375,0.000899375,0.000899375
19,38.4968,1.67194,2.31817,1.5325,0.51313,0.16445,0.22401,0.13278,1.96878,2.85326,1.72507,0.00087875,0.00087875,0.00087875
20,40.2195,1.74825,2.382,1.57656,0.30203,0.26603,0.24922,0.1512,1.90259,2.66977,1.71861,0.000858125,0.000858125,0.000858125
21,41.7384,1.74719,2.30702,1.54256,0.30358,0.22672,0.26822,0.15826,1.90661,2.59717,1.72537,0.0008375,0.0008375,0.0008375
22,43.4791,1.69311,2.3295,1.55624,0.43831,0.22531,0.29392,0.16805,1.95025,2.77755,1.80853,0.000816875,0.000816875,0.000816875
23,45.2417,1.69395,2.19804,1.54428,0.32769,0.26107,0.29994,0.1643,2.03346,2.66351,1.87543,0.00079625,0.00079625,0.00079625
24,46.8271,1.62599,2.2762,1.5217,0.51385,0.19895,0.2775,0.162,2.00622,2.53849,1.87599,0.000775625,0.000775625,0.000775625
25,49.0993,1.5958,2.15238,1.50213,0.47681,0.22447,0.25504,0.16127,1.97251,2.61977,1.91834,0.000755,0.000755,0.000755
26,51.2663,1.66467,2.20904,1.54189,0.24406,0.32649,0.21204,0.11253,1.96897,2.56342,1.86383,0.000734375,0.000734375,0.000734375
27,52.9668,1.64459,2.13006,1.49753,0.5947,0.23603,0.26971,0.13547,1.89069,2.4746,1.77427,0.00071375,0.00071375,0.00071375
28,54.6951,1.64582,2.17624,1.52121,0.38331,0.32477,0.31044,0.13521,1.98193,2.47207,1.80243,0.000693125,0.000693125,0.000693125
29,56.3298,1.6711,2.12331,1.5298,0.32575,0.31204,0.28557,0.14096,1.91132,2.46201,1.73259,0.0006725,0.0006725,0.0006725
30,58.0003,1.58797,2.0787,1.46755,0.37288,0.413,0.37921,0.18617,1.9627,2.37784,1.73156,0.000651875,0.000651875,0.000651875
31,59.746,1.56024,2.04506,1.45634,0.39542,0.3887,0.38705,0.19417,2.00411,2.31308,1.78104,0.00063125,0.00063125,0.00063125
32,62.0093,1.54726,2.00309,1.4561,0.39856,0.53266,0.36499,0.18934,2.0106,2.27021,1.809,0.000610625,0.000610625,0.000610625
33,64.275,1.59314,2.00274,1.51577,0.37576,0.5174,0.38598,0.19764,1.96835,2.25256,1.75503,0.00059,0.00059,0.00059
34,66.0398,1.52345,1.92495,1.43672,0.36825,0.42117,0.36036,0.18416,2.00895,2.46561,1.81824,0.000569375,0.000569375,0.000569375
35,67.7244,1.54863,1.90059,1.46379,0.67419,0.33094,0.36928,0.17867,2.00724,2.49683,1.81637,0.00054875,0.00054875,0.00054875
36,69.3445,1.52667,1.89985,1.43548,0.43756,0.35102,0.36248,0.17143,1.99601,2.35162,1.8471,0.000528125,0.000528125,0.000528125
37,71.0173,1.51862,1.95419,1.45729,0.52748,0.28386,0.38114,0.17877,1.96864,2.34425,1.86137,0.0005075,0.0005075,0.0005075
38,72.5073,1.51644,1.87684,1.41807,0.4116,0.38523,0.35234,0.17701,1.99777,2.35941,1.89028,0.000486875,0.000486875,0.000486875
39,74.4135,1.49776,1.82169,1.44207,0.31255,0.38523,0.3241,0.17296,1.97663,2.37529,1.88421,0.00046625,0.00046625,0.00046625
40,76.9871,1.45303,1.78913,1.38224,0.3141,0.3785,0.35572,0.1719,1.95951,2.47153,1.85615,0.000445625,0.000445625,0.000445625
41,78.8262,1.45706,1.8607,1.43317,0.35344,0.39774,0.3407,0.1747,1.95551,2.45003,1.88106,0.000425,0.000425,0.000425
42,80.5138,1.44648,1.80706,1.40725,0.62262,0.30411,0.37489,0.18053,1.96609,2.44144,1.90001,0.000404375,0.000404375,0.000404375
43,81.9955,1.39026,1.72235,1.42139,0.51879,0.33065,0.38047,0.21841,1.95113,2.49603,1.85806,0.00038375,0.00038375,0.00038375
44,83.8252,1.42534,1.76334,1.42462,0.36572,0.34561,0.3645,0.2015,1.94065,2.46761,1.81056,0.000363125,0.000363125,0.000363125
45,85.5927,1.38455,1.74474,1.36847,0.70939,0.2793,0.38123,0.20389,1.94151,2.39583,1.78139,0.0003425,0.0003425,0.0003425
46,87.3763,1.40745,1.70198,1.39524,0.67401,0.29716,0.39192,0.20039,1.98139,2.228,1.81451,0.000321875,0.000321875,0.000321875
47,89.7158,1.39447,1.651,1.36348,0.41984,0.40158,0.40128,0.20649,1.96562,2.17991,1.82207,0.00030125,0.00030125,0.00030125
48,91.7251,1.38546,1.64803,1.32798,0.40878,0.46736,0.41309,0.20724,1.95545,2.15625,1.82037,0.000280625,0.000280625,0.000280625
49,93.32,1.38303,1.66848,1.35467,0.44892,0.4518,0.41862,0.20728,1.93909,2.14724,1.80905,0.00026,0.00026,0.00026
50,94.9916,1.30254,1.56671,1.33864,0.40213,0.48082,0.41175,0.20848,1.9432,2.18869,1.81939,0.000239375,0.000239375,0.000239375
51,98.3632,1.29592,1.64412,1.35736,0.39994,0.48979,0.43693,0.23511,1.95486,2.20453,1.82252,0.00021875,0.00021875,0.00021875
52,100.868,1.20957,1.53195,1.31608,0.47738,0.40983,0.46029,0.24503,2.00993,2.23235,1.86341,0.000198125,0.000198125,0.000198125
53,103.47,1.21363,1.5361,1.35372,0.46639,0.3911,0.44587,0.24729,2.01548,2.24924,1.86776,0.0001775,0.0001775,0.0001775
54,105.277,1.23073,1.53624,1.35696,0.65786,0.3188,0.44776,0.24137,1.98726,2.26644,1.83368,0.000156875,0.000156875,0.000156875
55,106.838,1.25024,1.55167,1.36962,0.62195,0.34676,0.45772,0.2441,1.96631,2.24387,1.81833,0.00013625,0.00013625,0.00013625
56,108.431,1.27633,1.49202,1.3494,0.70825,0.32098,0.46985,0.25218,1.89844,2.2506,1.79018,0.000115625,0.000115625,0.000115625
57,110.019,1.19525,1.48185,1.32618,0.67174,0.34539,0.44614,0.23319,1.87055,2.24292,1.77373,9.5e-05,9.5e-05,9.5e-05
58,111.63,1.22641,1.54209,1.36153,0.62801,0.35978,0.4503,0.22879,1.87934,2.19852,1.78366,7.4375e-05,7.4375e-05,7.4375e-05
59,113.189,1.17561,1.45058,1.27791,0.63546,0.37477,0.44619,0.2268,1.89084,2.18059,1.79268,5.375e-05,5.375e-05,5.375e-05
60,115.523,1.15814,1.43057,1.2701,0.55335,0.38951,0.44837,0.23124,1.90285,2.15671,1.80414,3.3125e-05,3.3125e-05,3.3125e-05
